feature,importance
hi_industry_ratio,0.4612288138511457
skill_entropy,0.40467926964180884
phd_ratio,0.13409191650704544
