feature,importance
hi_industry_ratio,0.46122881385114584
skill_entropy,0.4046792696418088
phd_ratio,0.13409191650704544
