cluster,avg_log_salary,phd_ratio,hi_industry_ratio,skill_entropy
0,1.377063051503346,-0.29647731008098804,-1.9586933013419954,1.5421467167763485
1,-0.02888614414182496,-0.6357888196666165,-0.41296337490467244,-0.517377289448565
2,0.39845832508703694,1.0221890434091452,0.8686420000762979,-0.19927113264060486
3,-1.583575833971493,-0.1819730846492426,0.25311346264652557,1.537924986296494
